{
  "results": [
    {
      "command": "make test-1",
      "mean": 3.63457746714,
      "stddev": 0.07626168958721691,
      "median": 3.5874973531400003,
      "user": 6.145774595,
      "system": 0.6291531599999999,
      "min": 3.56378157514,
      "max": 3.72714183714,
      "times": [
        3.56378157514,
        3.70700904814,
        3.72714183714,
        3.5874973531400003,
        3.5874575221400002
      ]
    },
    {
      "command": "make record-test-1-97",
      "mean": 5.26502792334,
      "stddev": 0.5137915147191567,
      "median": 5.4665124371400005,
      "user": 6.495571194999999,
      "system": 1.27919736,
      "min": 4.35344797614,
      "max": 5.59577584414,
      "times": [
        5.49347292014,
        4.35344797614,
        5.41593043914,
        5.4665124371400005,
        5.59577584414
      ]
    },
    {
      "command": "make record-test-1-997",
      "mean": 5.40433335174,
      "stddev": 0.05431139185529468,
      "median": 5.39037264114,
      "user": 6.820869595,
      "system": 1.38292876,
      "min": 5.344205011140001,
      "max": 5.49137409014,
      "times": [
        5.38503902314,
        5.39037264114,
        5.344205011140001,
        5.41067599314,
        5.49137409014
      ]
    }
  ]
}
